{"cameraMode":{"drawMode":0,"name":"Shaded","section":"Shading Mode"},"sceneLighting":false,"audioPlay":false,"sceneViewState":{"m_AlwaysRefresh":false,"showFog":true,"showSkybox":false,"showFlares":true,"showImageEffects":true,"showParticleSystems":true,"showVisualEffectGraphs":true,"m_FxEnabled":true},"in2DMode":false,"pivot":{"x":-30.389347076416017,"y":40.312068939208987,"z":-0.04805946350097656},"rotation":{"x":0.27562591433525088,"y":-0.6483875513076782,"z":0.27232861518859866,"w":0.6556094884872437},"size":37.25957489013672,"orthographic":false}