{"cameraMode":{"drawMode":0,"name":"Shaded","section":"Shading Mode"},"sceneLighting":false,"audioPlay":false,"sceneViewState":{"m_AlwaysRefresh":false,"showFog":true,"showSkybox":false,"showFlares":true,"showImageEffects":true,"showParticleSystems":true,"showVisualEffectGraphs":true,"m_FxEnabled":true},"in2DMode":false,"pivot":{"x":-7.528949737548828,"y":37.59408950805664,"z":42.16801452636719},"rotation":{"x":0.006143743172287941,"y":0.24089662730693818,"z":-0.0014390455326065422,"w":0.9707188606262207},"size":69.24761962890625,"orthographic":false}