{"cameraMode":{"drawMode":0,"name":"Shaded","section":"Shading Mode"},"sceneLighting":false,"audioPlay":false,"sceneViewState":{"m_AlwaysRefresh":false,"showFog":true,"showSkybox":false,"showFlares":true,"showImageEffects":true,"showParticleSystems":true,"showVisualEffectGraphs":true,"m_FxEnabled":true},"in2DMode":false,"pivot":{"x":-0.1254475712776184,"y":0.2324928492307663,"z":0.004428297281265259},"rotation":{"x":0.047303494065999988,"y":-0.9466179013252258,"z":0.1637924164533615,"w":0.2739194333553314},"size":0.34716540575027468,"orthographic":false}