{"cameraMode":{"drawMode":0,"name":"Shaded","section":"Shading Mode"},"sceneLighting":false,"audioPlay":false,"sceneViewState":{"m_AlwaysRefresh":false,"showFog":true,"showSkybox":false,"showFlares":true,"showImageEffects":true,"showParticleSystems":true,"showVisualEffectGraphs":true,"m_FxEnabled":true},"in2DMode":false,"pivot":{"x":-0.40868809819221499,"y":1.9215612411499024,"z":3.234440326690674},"rotation":{"x":0.09493459761142731,"y":-0.328645795583725,"z":0.03343181312084198,"w":0.9391812682151794},"size":2.7906720638275148,"orthographic":false}