{"cameraMode":{"drawMode":0,"name":"Shaded","section":"Shading Mode"},"sceneLighting":false,"audioPlay":false,"sceneViewState":{"m_AlwaysRefresh":false,"showFog":true,"showSkybox":false,"showFlares":true,"showImageEffects":true,"showParticleSystems":true,"showVisualEffectGraphs":true,"m_FxEnabled":true},"in2DMode":false,"pivot":{"x":-0.1034713089466095,"y":0.07648082077503205,"z":0.02549728751182556},"rotation":{"x":-0.11029583215713501,"y":-0.1192564144730568,"z":0.013224598951637745,"w":-0.9867021441459656},"size":0.5561507940292358,"orthographic":false}